{"means":[1232.3590087890625,0.05826655030250549,-0.25297555327415466,-0.00011314601579215378,0.7393362522125244,10012803,0.7240229845046997,97773184,49.62508773803711,-0.07859046012163162,0.011270865797996521,-1.0856527090072632,82360608,0.1736270785331726,244.2819366455078,-0.2232666015625,274.75579833984375,279.1114501953125,4.3555908203125,-0.11956720054149628,-0.04757583141326904,47.768836975097656,47.38899612426758,-0.20567525923252106,-0.22480997443199158,243.20162963867188,245.83993530273438,-0.2760765552520752,-0.2062135636806488,709569536,791930176,-0.801903247833252,-0.6282762289047241,278.4251708984375,283.1001892089844,-0.05633729696273804,0.014831066131591797],"stds":[2200.7802734375,0.3161853551864624,2.365846872329712,0.005679557099938393,0.18104831874370575,15430654,1.2768168449401855,152547952,7.031029224395752,0.47090911865234375,0.01095773559063673,12.102347373962402,858332096,1.9860894680023193,172.52935791015625,1.5859367847442627,266.1072998046875,269.3161926269531,164.83523559570312,1.988260269165039,1.7290983200073242,25.5483341217041,25.621938705444336,1.6979434490203857,1.695059061050415,172.70396423339844,173.30963134765625,1.6783870458602905,1.509710669517517,1099172608,1185820544,1.401442289352417,1.3872512578964233,267.0469665527344,269.9301452636719,1.5661695003509521,1.4227045774459839],"labelNames":["Up","Down","Flat"]}